{
    "धमतरी": "धमतरी",
    "गौरेला-पेण्ड्रा-मरवाही": "गौरेला-पेण्ड्रा-मरवाही",
    "दक्षिण बस्तर दंतेवाडा": "दक्षिण बस्तर दंतेवाडा",
    "कबीरधाम": "कबीरधाम",
    "दुर्ग": "दुर्ग",
    "सारंगढ़-बिलाईगढ़": "सारंगढ़-बिलाईगढ़",
    "राजनांदगाँव": "राजनांदगाँव",
    "मोहला-मानपुर-अंबागढ़-चौकी": "मोहला-मानपुर-अंबागढ़-चौकी",
    "महासमुंद": "महासमुंद",
    "बिलासपुर": "बिलासपुर",
    "सुकमा": "सुकमा",
    "कोरिया": "कोरिया",
    "खैरागढ़-छुईखदान-गंडई": "खैरागढ़-छुईखदान-गंडई",
    "जांजगीर-चाम्पा": "जांजगीर-चाम्पा",
    "बालोद": "बालोद",
    "बेमेतरा": "बेमेतरा",
    "बीजापुर": "बीजापुर",
    "सूरजपुर": "सूरजपुर",
    "कोंडागाँव": "कोंडागाँव",
    "बस्तर": "बस्तर",
    "मुंगेली": "मुंगेली",
    "जशपुर": "जशपुर",
    "बलरामपुर - रामानुजगंज": "बलरामपुर",
    "मनेंद्रगढ़-चिरमिरी-भरतपुर": "मनेंद्रगढ़-चिरमिरी-भरतपुर",
    "सक्ति": "सक्ती",
    "उत्तर बस्तर कांकेर": "कांकेर",
    "नारायणपुर": "नारायणपुर",
    "कोरबा": "कोरबा",
    "सरगुजा": "अंबिकापुर",
    "रायपुर": "रायपुर",
    "रायगढ़": "रायगढ़",
    "गरियाबंद": "गरियाबंद",
    "बलौदा बाज़ार - भाटापारा": "बलोदा बाजार"
}